"district","PVI","incumbent","clinton_vote","clinton_pct","trump_vote","trump_pct"
"AK-AL","R+9","Don Young (R)","116454","36.6%","163387","51.3%"
"AL-01","R+15","Bradley Byrne (R)","103280","33.8%","192567","63.0%"
"AL-02","R+16","Martha Roby (R)","94196","32.8%","185357","64.5%"
"AL-03","R+16","Mike Rogers (R)","92882","31.9%","188853","64.8%"
"AL-04","R+30","Robert Aderholt (R)","50647","17.3%","233595","79.8%"
"AL-05","R+18","Mo Brooks (R)","97150","30.9%","200548","63.7%"
"AL-06","R+26","Gary Palmer (R)","86747","25.8%","233848","69.6%"
"AL-07","D+20","Terri Sewell (D)","204630","69.5%","83407","28.3%"
"AR-01","R+17","Rick Crawford (R)","78687","30.2%","169438","65.0%"
"AR-02","R+7","French Hill (R)","127883","41.7%","160782","52.4%"
"AR-03","R+19","Steve Womack (R)","89081","30.5%","180921","61.9%"
"AR-04","R+17","Bruce Westerman (R)","84843","31.3%","173731","64.2%"
"AZ-01","R+2","Tom O'Halleran (D)","132874","46.0%","135928","47.0%"
"AZ-02","R+1","Ann Kirkpatrick (D)","156676","48.7%","141196","43.9%"
"AZ-03","D+13","Raul Grijalva (D)","130466","61.6%","67952","32.1%"
"AZ-04","R+21","Paul Gosar (R)","82192","27.0%","202043","66.4%"
"AZ-05","R+15","Andy Biggs (R)","121280","35.5%","191432","56.1%"
"AZ-06","R+9","David Schweikert (R)","143571","41.7%","177332","51.6%"
"AZ-07","D+23","Ruben Gallego (D)","117958","70.6%","37232","22.3%"
"AZ-08","R+13","Debbie Lesko (R)","120992","36.4%","190163","57.1%"
"AZ-09","D+4","Greg Stanton (D)","155158","53.5%","109123","37.6%"
"CA-01","R+11","Doug LaMalfa (R)","114727","36.0%","176358","55.4%"
"CA-02","D+22","Jared Huffman (D)","238157","68.3%","80545","23.1%"
"CA-03","D+5","John Garamendi (D)","138882","52.6%","105860","40.1%"
"CA-04","R+10","Tom McClintock (R)","138790","38.5%","190924","53.0%"
"CA-05","D+21","Mike Thompson (D)","210950","68.8%","74088","24.2%"
"CA-06","D+21","Doris Matsui (D)","168687","68.0%","59549","24.0%"
"CA-07","D+3","Ami Bera (D)","159066","51.4%","124249","40.1%"
"CA-08","R+9","Paul Cook (R)","92234","39.6%","127464","54.7%"
"CA-09","D+8","Jerry McNerney (D)","134719","55.3%","90484","37.2%"
"CA-10","EVEN","Josh Harder (D)","116335","47.9%","109145","44.9%"
"CA-11","D+21","Mark DeSaulnier (D)","223559","69.7%","70869","22.1%"
"CA-12","D+37","Nancy Pelosi (D)","309221","85.2%","31158","8.6%"
"CA-13","D+40","Barbara Lee (D)","291926","86.0%","22743","6.7%"
"CA-14","D+27","Jackie Speier (D)","229008","76.8%","54229","18.2%"
"CA-15","D+20","Eric Swalwell (D)","198964","68.6%","68808","23.7%"
"CA-16","D+9","Jim Costa (D)","98504","57.2%","61813","35.9%"
"CA-17","D+25","Ro Khanna (D)","183801","73.6%","50926","20.4%"
"CA-18","D+23","Anna Eshoo (D)","246015","73.4%","67808","20.2%"
"CA-19","D+24","Zoe Lofgren (D)","187828","72.9%","55371","21.5%"
"CA-20","D+23","Jimmy Panetta (D)","180486","69.9%","59573","23.1%"
"CA-21","D+5","T.J. Cox (D)","73773","54.7%","52972","39.3%"
"CA-22","R+8","Devin Nunes (R)","102292","41.9%","125089","51.3%"
"CA-23","R+14","Kevin McCarthy (R)","88314","35.8%","142351","57.7%"
"CA-24","D+7","Salud Carbajal (D)","176979","55.9%","113887","36.0%"
"CA-25","EVEN","Katie Hill (D)","137491","50.1%","119249","43.4%"
"CA-26","D+7","Julia Brownley (D)","169083","56.6%","105259","35.2%"
"CA-27","D+16","Judy Chu (D)","174544","66.0%","74984","28.4%"
"CA-28","D+23","Adam Schiff (D)","208645","72.1%","64607","22.3%"
"CA-29","D+29","Tony Cardenas (D)","152517","77.7%","32963","16.8%"
"CA-30","D+18","Brad Sherman (D)","209149","69.1%","77701","25.7%"
"CA-31","D+8","Pete Aguilar (D)","131960","57.7%","83701","36.6%"
"CA-32","D+17","Grace Napolitano (D)","146459","66.6%","60921","27.7%"
"CA-33","D+16","Ted Lieu (D)","239982","67.8%","93706","26.5%"
"CA-34","D+35","Jimmy Gomez (D)","154259","83.6%","19784","10.7%"
"CA-35","D+19","Norma Torres (D)","127757","67.7%","50822","26.9%"
"CA-36","D+2","Raul Ruiz (D)","123795","52.2%","103051","43.4%"
"CA-37","D+37","Karen Bass (D)","236621","85.7%","26608","9.6%"
"CA-38","D+17","Linda Sanchez (D)","166224","67.0%","68033","27.4%"
"CA-39","EVEN","Gil Cisneros (D)","140230","51.1%","116782","42.6%"
"CA-40","D+33","Lucille Roybal-Allard (D)","135472","82.2%","21077","12.8%"
"CA-41","D+12","Mark Takano (D)","126197","61.0%","68526","33.1%"
"CA-42","R+9","Ken Calvert (R)","111103","41.4%","143175","53.4%"
"CA-43","D+29","Maxine Waters (D)","183434","78.4%","39039","16.7%"
"CA-44","D+35","Nanette Barragan (D)","164251","83.0%","24261","12.3%"
"CA-45","R+3","Katie Porter (D)","162449","49.4%","144713","44.0%"
"CA-46","D+15","Lou Correa (D)","119762","65.6%","50403","27.6%"
"CA-47","D+13","Alan Lowenthal (D)","161743","62.4%","80162","30.9%"
"CA-48","R+4","Harley Rouda (D)","152035","47.5%","146595","45.8%"
"CA-49","R+1","Mike Levin (D)","159081","50.5%","135576","43.1%"
"CA-50","R+11","Duncan Hunter (R)","115864","39.6%","159822","54.6%"
"CA-51","D+22","Juan Vargas (D)","147603","71.7%","46825","22.7%"
"CA-52","D+6","Scott Peters (D)","191325","58.1%","117057","35.6%"
"CA-53","D+14","Susan Davis (D)","200237","64.5%","91822","29.6%"
"CO-01","D+21","Diana DeGette (D)","277790","69.1%","93486","23.3%"
"CO-02","D+9","Joe Neguse (D)","264966","56.3%","164769","35.0%"
"CO-03","R+6","Scott Tipton (R)","151057","40.0%","195966","52.0%"
"CO-04","R+13","Ken Buck (R)","137784","34.3%","230946","57.4%"
"CO-05","R+14","Doug Lamborn (R)","123537","33.2%","212558","57.2%"
"CO-06","D+2","Jason Crow (D)","191098","50.2%","157114","41.3%"
"CO-07","D+6","Ed Perlmutter (D)","192637","51.8%","147645","39.7%"
"CT-01","D+12","John Larson (D)","195305","59.3%","119395","36.3%"
"CT-02","D+3","Joe Courtney (D)","165799","48.6%","155975","45.7%"
"CT-03","D+9","Rosa DeLauro (D)","179832","55.8%","129968","40.3%"
"CT-04","D+7","Jim Himes (D)","195494","59.5%","119976","36.5%"
"CT-05","D+2","Jahana Hayes (D)","161142","49.9%","147901","45.8%"
"DE-AL","D+6","Lisa Blunt Rochester (D)","235603","53.2%","185127","41.8%"
"FL-01","R+22","Matt Gaetz (R)","107063","28.2%","256607","67.5%"
"FL-02","R+18","Neal Dunn (R)","108637","30.6%","234998","66.2%"
"FL-03","R+9","Ted Yoho (R)","141362","40.2%","197478","56.2%"
"FL-04","R+17","John Rutherford (R)","143724","34.1%","261870","62.1%"
"FL-05","D+12","Al Lawson (D)","191145","61.3%","111845","35.9%"
"FL-06","R+7","Michael Waltz (R)","151451","39.9%","215936","56.9%"
"FL-07","EVEN","Stephanie Murphy (D)","186658","51.4%","160178","44.1%"
"FL-08","R+11","Bill Posey (R)","151412","37.7%","234648","58.4%"
"FL-09","D+5","Darren Soto (D)","195368","54.8%","149352","41.9%"
"FL-10","D+11","Val Demings (D)","194934","61.8%","110062","34.9%"
"FL-11","R+15","Dan Webster (R)","133451","32.5%","266261","64.8%"
"FL-12","R+8","Gus Bilirakis (R)","147761","38.8%","218492","57.4%"
"FL-13","D+2","Charlie Crist (D)","178892","49.6%","167348","46.4%"
"FL-14","D+7","Kathy Castor (D)","188868","57.2%","128792","39.0%"
"FL-15","R+6","Ross Spano (R)","144224","43.1%","177632","53.1%"
"FL-16","R+7","Vern Buchanan (R)","170442","43.0%","213271","53.7%"
"FL-17","R+13","Greg Steube (R)","123919","35.0%","220156","62.2%"
"FL-18","R+5","Brian Mast (R)","168558","44.1%","203773","53.3%"
"FL-19","R+13","Francis Rooney (R)","143010","37.5%","227114","59.6%"
"FL-20","D+31","Alcee Hastings (D)","231601","80.2%","52247","18.1%"
"FL-21","D+9","Lois Frankel (D)","206239","58.6%","137492","39.1%"
"FL-22","D+6","Ted Deutch (D)","202351","56.8%","146228","41.0%"
"FL-23","D+11","Debbie Wasserman Schultz (D)","207788","61.9%","120292","35.8%"
"FL-24","D+34","Frederica Wilson (D)","220723","82.7%","41486","15.5%"
"FL-25","R+4","Mario Diaz-Balart (R)","125986","47.9%","130900","49.7%"
"FL-26","D+6","Debbie Mucarsel-Powell (D)","164241","56.8%","117202","40.5%"
"FL-27","D+5","Donna Shalala (D)","175168","58.6%","116227","38.9%"
"GA-01","R+9","Buddy Carter (R)","110190","40.9%","151996","56.4%"
"GA-02","D+6","Sanford Bishop (D)","136456","55.0%","107361","43.3%"
"GA-03","R+18","Drew Ferguson (R)","102155","32.8%","200624","64.3%"
"GA-04","D+24","Hank Johnson (D)","224907","75.3%","66433","22.2%"
"GA-05","D+34","John Lewis (D)","259806","85.0%","36385","11.9%"
"GA-06","R+8","Lucy McBath (D)","155081","46.8%","160025","48.3%"
"GA-07","R+9","Rob Woodall (R)","132012","44.8%","150845","51.1%"
"GA-08","R+15","Austin Scott (R)","91360","34.4%","168193","63.3%"
"GA-09","R+31","Doug Collins (R)","57468","19.3%","231194","77.8%"
"GA-10","R+15","Jody Hice (R)","112691","35.8%","193029","61.3%"
"GA-11","R+17","Barry Loudermilk (R)","116601","35.3%","198898","60.3%"
"GA-12","R+9","Rick Allen (R)","108937","40.7%","152204","56.9%"
"GA-13","D+20","David Scott (D)","213786","71.0%","80068","26.6%"
"GA-14","R+27","Tom Graves (R)","56513","22.1%","191849","75.0%"
"HI-01","D+17","Ed Case (D)","132009","63.1%","63916","30.5%"
"HI-02","D+19","Tulsi Gabbard (D)","134882","61.4%","64931","29.6%"
"IA-01","D+1","Abby Finkenauer (D)","176535","44.6%","190410","48.1%"
"IA-02","D+1","Dave Loebsack (D)","170796","44.4%","186384","48.5%"
"IA-03","R+1","Cindy Axne (D)","178937","44.5%","192960","48.0%"
"IA-04","R+11","Steve King (R)","127401","33.2%","231229","60.3%"
"ID-01","R+21","Russ Fulcher (R)","91284","25.4%","229034","63.7%"
"ID-02","R+17","Mike Simpson (R)","98481","29.8%","180021","54.5%"
"IL-01","D+27","Bobby Rush (D)","245962","74.7%","70739","21.5%"
"IL-02","D+29","Robin Kelly (D)","236743","77.6%","58012","19.0%"
"IL-03","D+6","Dan Lipinski (D)","157223","54.9%","112961","39.4%"
"IL-04","D+33","Chuy Garcia (D)","171686","81.3%","27560","13.1%"
"IL-05","D+20","Mike Quigley (D)","230333","69.6%","78074","23.6%"
"IL-06","R+2","Sean Casten (D)","177429","49.9%","153023","43.0%"
"IL-07","D+38","Danny Davis (D)","271512","86.5%","28706","9.1%"
"IL-08","D+8","Raja Krishnamoorthi (D)","148383","57.5%","92809","36.0%"
"IL-09","D+18","Jan Schakowsky (D)","237965","69.1%","84605","24.6%"
"IL-10","D+10","Brad Schneider (D)","178874","61.0%","94103","32.1%"
"IL-11","D+9","Bill Foster (D)","165328","58.4%","99552","35.2%"
"IL-12","R+5","Mike Bost (R)","126818","40.1%","173692","54.9%"
"IL-13","R+3","Rodney Davis (R)","143609","44.3%","160613","49.5%"
"IL-14","R+5","Lauren Underwood (D)","153383","45.3%","167036","49.3%"
"IL-15","R+21","John Shimkus (R)","78369","24.5%","226669","70.7%"
"IL-16","R+8","Adam Kinzinger (R)","121697","38.2%","174860","55.0%"
"IL-17","D+3","Cheri Bustos (D)","131850","46.5%","134103","47.3%"
"IL-18","R+15","Darin LaHood (R)","113474","32.8%","208906","60.5%"
"IN-01","D+8","Peter Visclosky (D)","162075","53.8%","124505","41.3%"
"IN-02","R+11","Jackie Walorski (R)","99779","35.9%","163660","58.9%"
"IN-03","R+18","Jim Banks (R)","87697","29.9%","189573","64.7%"
"IN-04","R+17","Jim Baird (R)","91272","30.0%","194412","63.9%"
"IN-05","R+9","Susan Brooks (R)","150081","40.9%","192998","52.6%"
"IN-06","R+18","Greg Pence (R)","82498","27.3%","204129","67.5%"
"IN-07","D+11","Andre Carson (D)","156015","58.2%","95625","35.7%"
"IN-08","R+15","Larry Bucshon (R)","92844","30.8%","194208","64.4%"
"IN-09","R+13","Trey Hollingsworth (R)","110838","34.0%","198109","60.8%"
"KS-01","R+24","Roger Marshall (R)","64387","24.2%","183451","69.0%"
"KS-02","R+10","Steve Watkins (R)","110598","37.3%","164997","55.6%"
"KS-03","R+4","Sharice Davids (D)","161479","46.9%","157304","45.7%"
"KS-04","R+15","Ron Estes (R)","90541","32.8%","165266","59.8%"
"KY-01","R+23","James Comer (R)","74179","23.9%","224657","72.4%"
"KY-02","R+19","Brett Guthrie (R)","89563","27.6%","219152","67.5%"
"KY-03","D+6","John Yarmuth (D)","186550","54.9%","135715","39.9%"
"KY-04","R+18","Thomas Massie (R)","98663","29.2%","219748","65.1%"
"KY-05","R+31","Hal Rogers (R)","48628","17.5%","221558","79.6%"
"KY-06","R+9","Andy Barr (R)","131271","39.4%","182141","54.7%"
"LA-01","R+24","Steve Scalise (R)","95170","26.8%","244904","69.0%"
"LA-02","D+25","Cedric Richmond (D)","247491","75.1%","73778","22.4%"
"LA-03","R+20","Clay Higgins (R)","100241","29.2%","231012","67.3%"
"LA-04","R+13","Mike Johnson (R)","116585","36.6%","192971","60.6%"
"LA-05","R+15","Ralph Abraham (R)","110259","34.1%","205255","63.5%"
"LA-06","R+19","Garret Graves (R)","110394","31.3%","230701","65.3%"
"MA-01","D+12","Richard Neal (D)","194036","56.3%","123953","36.0%"
"MA-02","D+9","Jim McGovern (D)","197492","55.3%","129437","36.2%"
"MA-03","D+9","Lori Trahan (D)","202952","57.3%","123347","34.8%"
"MA-04","D+9","Joe Kennedy (D)","225976","58.1%","133705","34.4%"
"MA-05","D+18","Katherine Clark (D)","258908","68.2%","95922","25.3%"
"MA-06","D+6","Seth Moulton (D)","224858","55.1%","153244","37.6%"
"MA-07","D+34","Ayanna Pressley (D)","254037","83.0%","36018","11.8%"
"MA-08","D+10","Stephen Lynch (D)","231356","59.5%","131624","33.8%"
"MA-09","D+4","Bill Keating (D)","205581","51.7%","163643","41.2%"
"MD-01","R+14","Andy Harris (R)","128570","34.9%","220826","60.0%"
"MD-02","D+11","Dutch Ruppersberger (D)","182242","58.1%","116574","37.2%"
"MD-03","D+13","John Sarbanes (D)","217028","62.8%","110308","31.9%"
"MD-04","D+28","Anthony Brown (D)","250208","76.8%","64193","19.7%"
"MD-05","D+16","Steny Hoyer (D)","236864","64.9%","113484","31.1%"
"MD-06","D+6","David Trone (D)","186243","55.2%","134142","39.8%"
"MD-07","D+26","Elijah Cummings (D)","239853","74.0%","69747","21.5%"
"MD-08","D+14","Jamie Raskin (D)","236920","64.2%","113896","30.9%"
"ME-01","D+8","Chellie Pingree (D)","212774","54.0%","154384","39.2%"
"ME-02","R+2","Jared Golden (D)","144817","41.0%","181177","51.3%"
"MI-01","R+9","Jack Bergman (R)","133237","36.5%","210822","57.8%"
"MI-02","R+9","Bill Huizenga (R)","132462","37.8%","193198","55.1%"
"MI-03","R+6","Justin Amash (R)","147330","42.1%","180345","51.6%"
"MI-04","R+10","John Moolenaar (R)","113817","34.6%","195302","59.4%"
"MI-05","D+5","Daniel Kildee (D)","162963","49.7%","148974","45.4%"
"MI-06","R+4","Fred Upton (R)","142305","42.8%","170314","51.2%"
"MI-07","R+7","Tim Walberg (R)","131568","38.6%","189657","55.6%"
"MI-08","R+4","Elissa Slotkin (D)","165354","43.8%","190654","50.5%"
"MI-09","D+4","Andy Levin (D)","182538","51.4%","155131","43.7%"
"MI-10","R+13","Paul Mitchell (R)","113064","31.6%","228169","63.8%"
"MI-11","R+4","Haley Stevens (D)","176772","45.0%","193948","49.4%"
"MI-12","D+14","Debbie Dingell (D)","205937","60.6%","116739","34.3%"
"MI-13","D+32","Rashida Tlaib (D)","209105","78.8%","48111","18.1%"
"MI-14","D+30","Brenda Lawrence (D)","252387","79.1%","58179","18.2%"
"MN-01","R+5","Jim Hagedorn (R)","130831","38.1%","181647","52.8%"
"MN-02","R+2","Angie Craig (D)","171287","44.9%","175807","46.1%"
"MN-03","D+1","Dean Phillips (D)","201833","50.2%","164259","40.9%"
"MN-04","D+14","Betty McCollum (D)","223803","60.9%","111163","30.2%"
"MN-05","D+26","Ilhan Omar (D)","273402","73.0%","68535","18.3%"
"MN-06","R+12","Tom Emmer (R)","123329","33.0%","218546","58.4%"
"MN-07","R+12","Collin Peterson (D)","104566","30.8%","208215","61.4%"
"MN-08","R+4","Pete Stauber (R)","138665","38.3%","194779","53.8%"
"MO-01","D+29","Lacy Clay (D)","246103","76.8%","60135","18.8%"
"MO-02","R+8","Ann Wagner (R)","177649","42.1%","221152","52.5%"
"MO-03","R+18","Blaine Luetkemeyer (R)","106127","28.0%","253836","67.0%"
"MO-04","R+17","Vicky Hartzler (R)","99867","29.3%","222149","65.1%"
"MO-05","D+7","Emanuel Cleaver (D)","178735","54.6%","130383","39.8%"
"MO-06","R+16","Sam Graves (R)","111070","31.1%","226405","63.4%"
"MO-07","R+23","Billy Long (R)","84393","24.6%","240622","70.1%"
"MO-08","R+24","Jason Smith (R)","67123","21.1%","239829","75.3%"
"MS-01","R+16","Trent Kelly (R)","100748","32.4%","203164","65.4%"
"MS-02","D+14","Bennie Thompson (D)","185213","63.6%","102384","35.1%"
"MS-03","R+13","Michael Guest (R)","119125","36.8%","198514","61.3%"
"MS-04","R+21","Steven Palazzo (R)","80045","28.2%","196652","69.4%"
"MT-AL","R+11","Greg Gianforte (R)","177709","35.7%","279240","56.2%"
"NC-01","D+17","G.K. Butterfield (D)","237020","65.9%","111804","31.1%"
"NC-02","R+7","George Holding (R)","179123","44.6%","204225","50.9%"
"NC-03","R+12","VACANT (Jones) (R)","122550","37.0%","197447","59.6%"
"NC-04","D+17","David Price (D)","276030","65.7%","121938","29.0%"
"NC-05","R+10","Virginia Foxx (R)","142373","39.2%","205321","56.6%"
"NC-06","R+9","Mark Walker (R)","148687","41.0%","201390","55.6%"
"NC-07","R+9","David Rouzer (R)","143255","39.6%","205699","56.9%"
"NC-08","R+8","Richard Hudson (R)","136252","40.7%","185882","55.5%"
"NC-09","R+8","()","147301","42.4%","185859","53.5%"
"NC-10","R+12","Patrick McHenry (R)","128359","35.7%","217624","60.5%"
"NC-11","R+14","Mark Meadows (R)","124696","33.7%","229192","62.0%"
"NC-12","D+18","Alma Adams (D)","243640","67.2%","102101","28.2%"
"NC-13","R+6","Ted Budd (R)","160034","43.5%","194153","52.7%"
"ND-AL","R+16","Kelly Armstrong (R)","93758","27.2%","216794","63.0%"
"NE-01","R+11","Jeff Fortenberry (R)","100132","35.5%","158642","56.2%"
"NE-02","R+4","Don Bacon (R)","131030","44.9%","137564","47.2%"
"NE-03","R+27","Adrian Smith (R)","53332","19.7%","199755","73.9%"
"NH-01","R+2","Chris Pappas (D)","173344","45.9%","179259","47.5%"
"NH-02","D+2","Annie Kuster (D)","175182","47.8%","166531","45.4%"
"NJ-01","D+13","Donald Norcross (D)","199386","60.6%","118880","36.1%"
"NJ-02","R+1","Jeff Van Drew (D)","147656","46.0%","162486","50.6%"
"NJ-03","R+2","Andy Kim (D)","165090","45.2%","187703","51.4%"
"NJ-04","R+8","Chris Smith (R)","146191","41.0%","198859","55.8%"
"NJ-05","R+3","Josh Gottheimer (D)","173964","47.7%","178058","48.8%"
"NJ-06","D+9","Frank Pallone (D)","162864","56.2%","117671","40.6%"
"NJ-07","R+3","Tom Malinowski (D)","180572","48.6%","176396","47.5%"
"NJ-08","D+27","Albio Sires (D)","173966","75.7%","49410","21.5%"
"NJ-09","D+16","Bill Pascrell (D)","177822","64.3%","91622","33.1%"
"NJ-10","D+36","Donald Payne Jr. (D)","233822","85.2%","35111","12.8%"
"NJ-11","R+3","Mikie Sherrill (D)","182291","47.9%","185686","48.8%"
"NJ-12","D+16","Bonnie Watson Coleman (D)","204654","65.0%","100051","31.8%"
"NM-01","D+7","Deb Haaland (D)","147250","51.6%","100132","35.1%"
"NM-02","R+6","Xochitl Torres Small (D)","93363","39.9%","117211","50.1%"
"NM-03","D+8","Ben R. Lujan (D)","144621","51.8%","102323","36.7%"
"NV-01","D+15","Dina Titus (D)","121321","61.6%","64234","32.6%"
"NV-02","R+7","Mark Amodei (R)","129317","39.7%","169631","52.0%"
"NV-03","R+2","Susie Lee (D)","151552","46.5%","154813","47.5%"
"NV-04","D+3","Steven Horsford (D)","137070","49.5%","123380","44.6%"
"NY-01","R+5","Lee Zeldin (R)","141900","41.8%","183233","54.0%"
"NY-02","R+3","Peter King (R)","137680","43.7%","165908","52.6%"
"NY-03","D+1","Tom Suozzi (D)","178288","51.2%","156942","45.1%"
"NY-04","D+4","Kathleen Rice (D)","179845","53.0%","147469","43.4%"
"NY-05","D+37","Gregory Meeks (D)","211667","85.4%","31322","12.6%"
"NY-06","D+16","Grace Meng (D)","134970","64.7%","66487","31.9%"
"NY-07","D+38","Nydia Velazquez (D)","177664","86.4%","21198","10.3%"
"NY-08","D+36","Hakeem Jeffries (D)","215689","84.2%","34356","13.4%"
"NY-09","D+34","Yvette Clarke (D)","211812","82.9%","36600","14.3%"
"NY-10","D+26","Jerrold Nadler (D)","205114","77.5%","49179","18.6%"
"NY-11","R+3","Max Rose (D)","108807","43.5%","133232","53.3%"
"NY-12","D+31","Carolyn Maloney (D)","255601","82.4%","41383","13.3%"
"NY-13","D+43","Adriano Espaillat (D)","232925","91.8%","13727","5.4%"
"NY-14","D+29","Alexandria Ocasio-Cortez (D)","151407","77.3%","38560","19.7%"
"NY-15","D+44","Jose E. Serrano (D)","179454","93.5%","9371","4.9%"
"NY-16","D+24","Eliot Engel (D)","212644","74.5%","63590","22.3%"
"NY-17","D+7","Nita Lowey (D)","186437","58.0%","122339","38.1%"
"NY-18","R+1","Sean Patrick Maloney (D)","145502","46.6%","151895","48.7%"
"NY-19","R+2","Antonio Delgado (D)","140300","43.5%","162184","50.2%"
"NY-20","D+7","Paul Tonko (D)","175390","53.3%","131559","40.0%"
"NY-21","R+4","Elise Stefanik (R)","111760","39.4%","150481","53.1%"
"NY-22","R+6","Anthony Brindisi (D)","114016","38.9%","158913","54.2%"
"NY-23","R+6","Tom Reed (R)","115003","39.2%","158148","53.9%"
"NY-24","D+3","John Katko (R)","151021","48.6%","139763","45.0%"
"NY-25","D+8","Joe Morelle (D)","182896","54.9%","128955","38.7%"
"NY-26","D+11","Brian Higgins (D)","175336","57.5%","115558","37.9%"
"NY-27","R+11","Chris Collins (R)","122091","35.0%","206854","59.3%"
"OH-01","R+5","Steve Chabot (R)","160988","44.5%","185025","51.1%"
"OH-02","R+9","Brad Wenstrup (R)","140785","39.5%","197855","55.6%"
"OH-03","D+19","Joyce Beatty (D)","211339","67.2%","89090","28.3%"
"OH-04","R+14","Jim Jordan (R)","99628","30.5%","208736","63.9%"
"OH-05","R+11","Bob Latta (R)","124405","34.4%","214661","59.3%"
"OH-06","R+16","Bill Johnson (R)","85501","26.5%","221873","68.9%"
"OH-07","R+12","Bob Gibbs (R)","107943","32.7%","205570","62.4%"
"OH-08","R+17","Warren Davidson (R)","104929","30.4%","223215","64.7%"
"OH-09","D+14","Marcy Kaptur (D)","177146","58.7%","110177","36.5%"
"OH-10","R+4","Mike Turner (R)","153345","43.8%","178674","51.0%"
"OH-11","D+32","Marcia Fudge (D)","260308","80.5%","55015","17.0%"
"OH-12","R+7","Troy Balderson (R)","161741","41.6%","206191","53.1%"
"OH-13","D+7","Tim Ryan (D)","163601","51.1%","142738","44.6%"
"OH-14","R+5","David Joyce (R)","155559","42.0%","197943","53.4%"
"OH-15","R+7","Steve Stivers (R)","141269","39.6%","197102","55.2%"
"OH-16","R+8","Anthony Gonzalez (R)","145669","39.4%","207151","56.1%"
"OK-01","R+17","Kevin Hern (R)","101757","32.7%","191343","61.4%"
"OK-02","R+24","Markwayne Mullin (R)","62022","22.8%","198155","72.9%"
"OK-03","R+27","Frank Lucas (R)","61179","20.9%","216078","73.6%"
"OK-04","R+20","Tom Cole (R)","84023","28.4%","193819","65.6%"
"OK-05","R+10","Kendra Horn (D)","111394","39.7%","149741","53.3%"
"OR-01","D+9","Suzanne Bonamici (D)","219420","55.0%","132161","33.1%"
"OR-02","R+11","Greg Walden (R)","139059","35.3%","215711","54.7%"
"OR-03","D+24","Earl Blumenauer (D)","282341","68.4%","89678","21.7%"
"OR-04","EVEN","Peter DeFazio (D)","180872","44.5%","180318","44.4%"
"OR-05","EVEN","Kurt Schrader (D)","180415","46.4%","164535","42.3%"
"PA-01","R+1","Brian Fitzpatrick (R)","","49.1%","","47.1%"
"PA-02","D+25","Brendan Boyle (D)","","72.9%","","24.9%"
"PA-03","D+41","Dwight Evans (D)","","90.9%","","7.0%"
"PA-04","D+7","Madeleine Dean (D)","","57.9%","","38.5%"
"PA-05","D+13","Mary Gay Scanlon (D)","","62.6%","","34.4%"
"PA-06","D+2","Chrissy Houlahan (D)","","52.6%","","43.3%"
"PA-07","D+1","Susan Wild (D)","","48.7%","","47.6%"
"PA-08","R+1","Matt Cartwright (D)","","43.7%","","53.2%"
"PA-09","R+14","Dan Meuser (R)","","31.0%","","65.0%"
"PA-10","R+6","Scott Perry (R)","","43.4%","","52.3%"
"PA-11","R+14","Lloyd Smucker (R)","","34.7%","","60.5%"
"PA-12","R+17","VACANT (Marino) (R)","","29.8%","","66.3%"
"PA-13","R+22","John Joyce (R)","","25.5%","","71.0%"
"PA-14","R+14","Guy Reschenthaler (R)","","33.9%","","62.9%"
"PA-15","R+20","Glenn Thompson (R)","","26.6%","","70.0%"
"PA-16","R+8","Mike Kelly (R)","","38.0%","","57.9%"
"PA-17","R+3","Conor Lamb (D)","","46.7%","","49.2%"
"PA-18","D+13","Mike Doyle (D)","","61.7%","","34.9%"
"RI-01","D+14","David Cicilline (D)","130047","59.2%","75373","34.3%"
"RI-02","D+6","Jim Langevin (D)","121421","49.9%","104886","43.1%"
"SC-01","R+10","Joe Cunningham (D)","136255","40.5%","178979","53.2%"
"SC-02","R+12","Joe Wilson (R)","118595","38.1%","176416","56.7%"
"SC-03","R+19","Jeff Duncan (R)","82301","29.0%","190281","67.0%"
"SC-04","R+15","William Timmons (R)","104190","34.2%","182019","60.0%"
"SC-05","R+9","Ralph Norman (R)","118840","38.8%","175541","57.3%"
"SC-06","D+19","Jim Clyburn (D)","177914","67.1%","78736","29.7%"
"SC-07","R+9","Tom Rice (R)","117277","39.2%","173415","57.9%"
"SD-AL","R+14","Dusty Johnson (R)","117458","31.7%","227721","61.5%"
"TN-01","R+28","Phil Roe (R)","52241","19.6%","203671","76.4%"
"TN-02","R+20","Tim Burchett (R)","86213","29.5%","188953","64.7%"
"TN-03","R+18","Chuck Fleischmann (R)","83534","30.0%","180985","65.1%"
"TN-04","R+20","Scott DesJarlais (R)","75809","27.2%","189547","68.1%"
"TN-05","D+7","Jim Cooper (D)","156613","56.0%","105795","37.9%"
"TN-06","R+24","John Rose (R)","70543","23.6%","216443","72.3%"
"TN-07","R+20","Mark Green (R)","82325","28.0%","196860","67.0%"
"TN-08","R+19","David Kustoff (R)","91039","30.5%","196716","65.8%"
"TN-09","D+28","Steve Cohen (D)","172377","76.9%","43955","19.6%"
"TX-01","R+25","Louie Gohmert (R)","66389","25.1%","189596","71.7%"
"TX-02","R+11","Dan Crenshaw (R)","119659","42.8%","145530","52.0%"
"TX-03","R+13","Van Taylor (R)","129384","39.9%","174561","53.8%"
"TX-04","R+28","John Ratcliffe (R)","60799","21.6%","210448","74.9%"
"TX-05","R+16","Lance Gooden (R)","79759","34.2%","145846","62.5%"
"TX-06","R+9","Ron Wright (R)","115272","41.6%","148945","53.8%"
"TX-07","R+7","Lizzie Fletcher (D)","124722","48.2%","121204","46.8%"
"TX-08","R+28","Kevin Brady (R)","70520","23.6%","214567","71.9%"
"TX-09","D+29","Al Green (D)","151559","79.1%","34447","18.0%"
"TX-10","R+9","Michael McCaul (R)","135967","42.8%","164817","51.9%"
"TX-11","R+32","Mike Conaway (R)","47470","19.0%","193619","77.5%"
"TX-12","R+18","Kay Granger (R)","92549","32.5%","177939","62.4%"
"TX-13","R+33","Mac Thornberry (R)","40237","16.8%","190779","79.5%"
"TX-14","R+12","Randy Weber (R)","101228","38.3%","153191","58.0%"
"TX-15","D+7","Vicente Gonzalez (D)","104454","56.2%","73689","39.7%"
"TX-16","D+17","Veronica Escobar (D)","130784","67.2%","52334","26.9%"
"TX-17","R+12","Bill Flores (R)","96155","38.4%","139411","55.7%"
"TX-18","D+27","Sheila Jackson Lee (D)","157117","76.2%","41011","19.9%"
"TX-19","R+27","Jodey Arrington (R)","53512","23.3%","165280","72.0%"
"TX-20","D+10","Joaquin Castro (D)","132453","60.2%","74479","33.9%"
"TX-21","R+10","Chip Roy (R)","152515","42.1%","188277","51.9%"
"TX-22","R+10","Pete Olson (R)","135525","43.9%","159717","51.7%"
"TX-23","R+1","Will Hurd (R)","115133","49.4%","107058","45.9%"
"TX-24","R+9","Kenny Marchant (R)","122878","44.3%","140129","50.5%"
"TX-25","R+11","Roger Williams (R)","125947","39.9%","172462","54.7%"
"TX-26","R+18","Michael Burgess (R)","109530","34.0%","194032","60.3%"
"TX-27","R+13","Michael Cloud (R)","85589","36.4%","140787","59.8%"
"TX-28","D+9","Henry Cuellar (D)","109973","57.8%","72479","38.1%"
"TX-29","D+19","Sylvia Garcia (D)","95027","71.0%","34011","25.4%"
"TX-30","D+29","Eddie Bernice Johnson (D)","174528","79.1%","40333","18.3%"
"TX-31","R+10","John Carter (R)","117181","40.1%","153823","52.6%"
"TX-32","R+5","Colin Allred (D)","134895","48.4%","129701","46.6%"
"TX-33","D+23","Marc Veasey (D)","94513","72.8%","30787","23.7%"
"TX-34","D+10","Filemon Vela (D)","101704","59.1%","64716","37.6%"
"TX-35","D+15","Lloyd Doggett (D)","128482","63.6%","61139","30.3%"
"TX-36","R+26","Brian Babin (R)","64217","25.1%","183144","71.7%"
"UT-01","R+26","Rob Bishop (R)","62733","22.4%","139503","49.7%"
"UT-02","R+16","Chris Stewart (R)","90686","32.0%","130525","46.0%"
"UT-03","R+25","John Curtis (R)","67461","23.3%","136782","47.2%"
"UT-04","R+13","Ben McAdams (D)","89796","32.4%","108421","39.1%"
"VA-01","R+8","Rob Wittman (R)","163522","40.9%","212402","53.1%"
"VA-02","R+3","Elaine Luria (D)","145171","45.0%","156283","48.4%"
"VA-03","D+16","Bobby Scott (D)","205746","63.2%","103064","31.7%"
"VA-04","D+10","Don McEachin (D)","212677","58.4%","134676","37.0%"
"VA-05","R+6","Denver Riggleman (R)","154665","42.1%","195190","53.1%"
"VA-06","R+13","Ben Cline (R)","120596","34.7%","206303","59.3%"
"VA-07","R+6","Abigail Spanberger (D)","172544","43.7%","198032","50.2%"
"VA-08","D+21","Don Beyer (D)","270415","72.4%","76854","20.6%"
"VA-09","R+19","Morgan Griffith (R)","86463","27.2%","217837","68.4%"
"VA-10","D+1","Jennifer Wexton (D)","210692","51.6%","170580","41.7%"
"VA-11","D+15","Gerry Connolly (D)","238982","66.1%","98222","27.2%"
"VT-AL","D+15","Peter Welch (D)","178573","56.7%","95369","30.3%"
"WA-01","D+6","Suzan DelBene (D)","188061","54.2%","131208","37.8%"
"WA-02","D+10","Rick Larsen (D)","186375","56.9%","114062","34.8%"
"WA-03","R+4","Jaime Herrera Beutler (R)","134009","42.5%","157359","49.9%"
"WA-04","R+13","Dan Newhouse (R)","85083","35.1%","140558","57.9%"
"WA-05","R+8","Cathy McMorris Rodgers (R)","125074","39.1%","166734","52.2%"
"WA-06","D+6","Derek Kilmer (D)","172874","51.8%","131589","39.5%"
"WA-07","D+33","Pramila Jayapal (D)","341396","82.1%","50872","12.2%"
"WA-08","EVEN","Kim Schrier (D)","152940","47.7%","143220","44.7%"
"WA-09","D+21","Adam Smith (D)","205420","70.4%","68136","23.4%"
"WA-10","D+5","Denny Heck (D)","151075","51.2%","117694","39.9%"
"WI-01","R+5","Bryan Steil (R)","150436","41.8%","187372","52.1%"
"WI-02","D+18","Mark Pocan (D)","271507","64.9%","119608","28.6%"
"WI-03","EVEN","Ron Kind (D)","160999","44.3%","177172","48.8%"
"WI-04","D+25","Gwen Moore (D)","228226","73.0%","67287","21.5%"
"WI-05","R+13","Jim Sensenbrenner (R)","148900","36.7%","229325","56.5%"
"WI-06","R+8","Glenn Grothman (R)","141917","38.2%","203433","54.8%"
"WI-07","R+8","Sean Duffy (R)","137874","36.9%","213467","57.2%"
"WI-08","R+7","Mike Gallagher (R)","142677","38.3%","207620","55.7%"
"WV-01","R+19","David McKinley (R)","64384","26.4%","165934","68.0%"
"WV-02","R+17","Alex Mooney (R)","73487","29.4%","164674","65.8%"
"WV-03","R+23","Carol Miller (R)","50923","23.3%","158763","72.5%"
"WY-AL","R+25","Liz Cheney (R)","55973","21.9%","174419","68.2%"